INSERT INTO addresses (id, CityName, HallName, StreetName) VALUES (6, 'Chrzanów', 'Lala', 'Libarska');
INSERT INTO addresses (id, CityName, HallName, StreetName) VALUES (2, 'Kraków', 'WKS', 'Wiślna 30');
INSERT INTO addresses (id, CityName, HallName, StreetName) VALUES (4, 'Myślenice', 'Zarabie', 'Zdrojowa 8');
INSERT INTO addresses (id, CityName, HallName, StreetName) VALUES (97, 'Tarnów', 'Azoty', 'Azotowa 5');

INSERT INTO categories (Name) VALUES ('Kadet');
INSERT INTO categories (Name) VALUES ('Kadetka');
INSERT INTO categories (Name) VALUES ('Mlodziczka');
INSERT INTO categories (Name) VALUES ('Mlodzik');

INSERT INTO hibernate_sequence (next_val) VALUES (131);
INSERT INTO hibernate_sequence (next_val) VALUES (131);
INSERT INTO hibernate_sequence (next_val) VALUES (131);
INSERT INTO hibernate_sequence (next_val) VALUES (131);
INSERT INTO hibernate_sequence (next_val) VALUES (131);
INSERT INTO hibernate_sequence (next_val) VALUES (131);
INSERT INTO hibernate_sequence (next_val) VALUES (131);
INSERT INTO hibernate_sequence (next_val) VALUES (131);
INSERT INTO hibernate_sequence (next_val) VALUES (131);
INSERT INTO hibernate_sequence (next_val) VALUES (131);
INSERT INTO hibernate_sequence (next_val) VALUES (131);
INSERT INTO hibernate_sequence (next_val) VALUES (131);
INSERT INTO hibernate_sequence (next_val) VALUES (131);
INSERT INTO hibernate_sequence (next_val) VALUES (131);
INSERT INTO hibernate_sequence (next_val) VALUES (131);
INSERT INTO hibernate_sequence (next_val) VALUES (131);
INSERT INTO hibernate_sequence (next_val) VALUES (131);
INSERT INTO hibernate_sequence (next_val) VALUES (131);
INSERT INTO hibernate_sequence (next_val) VALUES (131);
INSERT INTO hibernate_sequence (next_val) VALUES (131);
INSERT INTO hibernate_sequence (next_val) VALUES (131);

INSERT INTO tourneys (id, Date, Name, Address_ID, Category_ID) VALUES (1, '2017-06-03 00:00:00', 'I Turniej ligowy', 2, 'Mlodzik');
INSERT INTO tourneys (id, Date, Name, Address_ID, Category_ID) VALUES (3, '2017-06-10 00:00:00', 'II Turniej ligowy', 4, 'Mlodzik');
INSERT INTO tourneys (id, Date, Name, Address_ID, Category_ID) VALUES (5, '2017-06-10 00:00:00', 'III Turniej ligowy', 6, 'Mlodzik');
INSERT INTO tourneys (id, Date, Name, Address_ID, Category_ID) VALUES (96, '2017-06-10 00:00:00', 'I Turniej ligowy', 97, 'Mlodziczka');


INSERT INTO leagues (id, Name, Tourney_ID) VALUES (1, 'I Liga', 1);
INSERT INTO leagues (id, Name, Tourney_ID) VALUES (14, 'II Liga', 1);
INSERT INTO leagues (id, Name, Tourney_ID) VALUES (98, 'I Liga', 96);

INSERT INTO leaguepoints (id, Place, Points, League_ID) VALUES (2, 1, 100, 1);
INSERT INTO leaguepoints (id, Place, Points, League_ID) VALUES (3, 2, 90, 1);
INSERT INTO leaguepoints (id, Place, Points, League_ID) VALUES (4, 3, 80, 1);
INSERT INTO leaguepoints (id, Place, Points, League_ID) VALUES (15, 1, 70, 14);
INSERT INTO leaguepoints (id, Place, Points, League_ID) VALUES (16, 2, 65, 14);
INSERT INTO leaguepoints (id, Place, Points, League_ID) VALUES (17, 3, 60, 14);
INSERT INTO leaguepoints (id, Place, Points, League_ID) VALUES (99, 1, 100, 98);
INSERT INTO leaguepoints (id, Place, Points, League_ID) VALUES (100, 2, 90, 98);
INSERT INTO leaguepoints (id, Place, Points, League_ID) VALUES (101, 3, 80, 98);
INSERT INTO leaguepoints (id, Place, Points, League_ID) VALUES (102, 4, 75, 98);

INSERT INTO teams (id, Coach, Name, Phone, TotalSeasonPoints, Category_ID, League_ID) VALUES (93, 'Liwtin Jacek', 'Sparta Kraków', '566372262', 0, 'Mlodziczka', 98);
INSERT INTO teams (id, Coach, Name, Phone, TotalSeasonPoints, Category_ID, League_ID) VALUES (94, 'Hudzik Agata', 'Jedynka Tarnów', '364354135', 0, 'Mlodziczka', 98);
INSERT INTO teams (id, Coach, Name, Phone, TotalSeasonPoints, Category_ID, League_ID) VALUES (95, 'Pasiut Jarek', 'UKS WOLA Batorska', '435313555', 0, 'Mlodziczka', 98);
INSERT INTO teams (id, Coach, Name, Phone, TotalSeasonPoints, Category_ID, League_ID) VALUES (121, 'Balcher Marcin', 'MKS MOS Wieliczka', '543435432', 0, 'Kadetka', null);
INSERT INTO teams (id, Coach, Name, Phone, TotalSeasonPoints, Category_ID, League_ID) VALUES (122, 'Ostafin Marcin', 'SMS Wieliczka', '5345432121', 0, 'Kadetka', null);
INSERT INTO teams (id, Coach, Name, Phone, TotalSeasonPoints, Category_ID, League_ID) VALUES (900, 'Pomykalskich', 'Proxima Kraków', '6564513515', 0, 'Kadetka', null);
INSERT INTO teams (id, Coach, Name, Phone, TotalSeasonPoints, Category_ID, League_ID) VALUES (901, 'Pomykalski Darek', 'Proxima Kraków', '541684351', 0, 'Mlodziczka', 98);
INSERT INTO teams (id, Coach, Name, Phone, TotalSeasonPoints, Category_ID, League_ID) VALUES (902, 'Gebera Marian', 'Wawel Kraków', '4535435210', 100, 'Mlodzik', 1);
INSERT INTO teams (id, Coach, Name, Phone, TotalSeasonPoints, Category_ID, League_ID) VALUES (903, 'Stereńczak Dariusz', 'LKS Bobowa', '5463251354', 80, 'Mlodzik', 1);
INSERT INTO teams (id, Coach, Name, Phone, TotalSeasonPoints, Category_ID, League_ID) VALUES (904, 'Nurzyński S', 'Sparta Kraków', '5465351321', 90, 'Mlodzik', 1);
INSERT INTO teams (id, Coach, Name, Phone, TotalSeasonPoints, Category_ID, League_ID) VALUES (905, 'Tarnowski', 'Gryf Brzesko', '3543135413', 0, 'Mlodzik', 14);
INSERT INTO teams (id, Coach, Name, Phone, TotalSeasonPoints, Category_ID, League_ID) VALUES (906, 'Zawieszko', 'Iskierka Tarnów', '3543513584', 0, 'Mlodzik', 14);
INSERT INTO teams (id, Coach, Name, Phone, TotalSeasonPoints, Category_ID, League_ID) VALUES (907, 'Michalski', 'Hutnik Kraków', '5343513554', 0, 'Mlodzik', 14);

INSERT INTO matchresults (id, leagueId) VALUES (5, 1);
INSERT INTO matchresults (id, leagueId) VALUES (8, 1);
INSERT INTO matchresults (id, leagueId) VALUES (11, 1);
INSERT INTO matchresults (id, leagueId) VALUES (18, 14);
INSERT INTO matchresults (id, leagueId) VALUES (21, 14);
INSERT INTO matchresults (id, leagueId) VALUES (24, 14);
INSERT INTO matchresults (id, leagueId) VALUES (103, 98);
INSERT INTO matchresults (id, leagueId) VALUES (106, 98);
INSERT INTO matchresults (id, leagueId) VALUES (109, 98);
INSERT INTO matchresults (id, leagueId) VALUES (112, 98);
INSERT INTO matchresults (id, leagueId) VALUES (115, 98);
INSERT INTO matchresults (id, leagueId) VALUES (118, 98);

INSERT INTO teamresults (id, Set1Points, Set2Points, Set3Points) VALUES (6, 25, 18, 15);
INSERT INTO teamresults (id, Set1Points, Set2Points, Set3Points) VALUES (7, 23, 25, 9);
INSERT INTO teamresults (id, Set1Points, Set2Points, Set3Points) VALUES (9, 0, 0, 0);
INSERT INTO teamresults (id, Set1Points, Set2Points, Set3Points) VALUES (10, 0, 0, 0);
INSERT INTO teamresults (id, Set1Points, Set2Points, Set3Points) VALUES (12, 0, 0, 0);
INSERT INTO teamresults (id, Set1Points, Set2Points, Set3Points) VALUES (13, 0, 0, 0);
INSERT INTO teamresults (id, Set1Points, Set2Points, Set3Points) VALUES (19, 0, 0, 0);
INSERT INTO teamresults (id, Set1Points, Set2Points, Set3Points) VALUES (20, 0, 0, 0);
INSERT INTO teamresults (id, Set1Points, Set2Points, Set3Points) VALUES (22, 0, 0, 0);
INSERT INTO teamresults (id, Set1Points, Set2Points, Set3Points) VALUES (23, 0, 0, 0);
INSERT INTO teamresults (id, Set1Points, Set2Points, Set3Points) VALUES (25, 0, 0, 0);
INSERT INTO teamresults (id, Set1Points, Set2Points, Set3Points) VALUES (26, 0, 0, 0);
INSERT INTO teamresults (id, Set1Points, Set2Points, Set3Points) VALUES (27, 25, 25, 0);
INSERT INTO teamresults (id, Set1Points, Set2Points, Set3Points) VALUES (28, 15, 18, 0);
INSERT INTO teamresults (id, Set1Points, Set2Points, Set3Points) VALUES (29, 17, 25, 0);
INSERT INTO teamresults (id, Set1Points, Set2Points, Set3Points) VALUES (30, 25, 27, 0);
INSERT INTO teamresults (id, Set1Points, Set2Points, Set3Points) VALUES (31, 15, 18, 0);
INSERT INTO teamresults (id, Set1Points, Set2Points, Set3Points) VALUES (32, 25, 25, 0);
INSERT INTO teamresults (id, Set1Points, Set2Points, Set3Points) VALUES (33, 17, 20, 0);
INSERT INTO teamresults (id, Set1Points, Set2Points, Set3Points) VALUES (34, 25, 25, 0);
INSERT INTO teamresults (id, Set1Points, Set2Points, Set3Points) VALUES (35, 25, 25, 0);
INSERT INTO teamresults (id, Set1Points, Set2Points, Set3Points) VALUES (36, 18, 18, 0);
INSERT INTO teamresults (id, Set1Points, Set2Points, Set3Points) VALUES (37, 0, 0, 0);
INSERT INTO teamresults (id, Set1Points, Set2Points, Set3Points) VALUES (38, 0, 0, 0);
INSERT INTO teamresults (id, Set1Points, Set2Points, Set3Points) VALUES (39, 0, 0, 0);
INSERT INTO teamresults (id, Set1Points, Set2Points, Set3Points) VALUES (40, 0, 0, 0);
INSERT INTO teamresults (id, Set1Points, Set2Points, Set3Points) VALUES (41, 0, 0, 0);
INSERT INTO teamresults (id, Set1Points, Set2Points, Set3Points) VALUES (42, 0, 0, 0);
INSERT INTO teamresults (id, Set1Points, Set2Points, Set3Points) VALUES (43, 0, 0, 0);
INSERT INTO teamresults (id, Set1Points, Set2Points, Set3Points) VALUES (44, 0, 0, 0);
INSERT INTO teamresults (id, Set1Points, Set2Points, Set3Points) VALUES (45, 25, 22, 15);
INSERT INTO teamresults (id, Set1Points, Set2Points, Set3Points) VALUES (46, 23, 25, 12);
INSERT INTO teamresults (id, Set1Points, Set2Points, Set3Points) VALUES (47, 25, 25, 0);
INSERT INTO teamresults (id, Set1Points, Set2Points, Set3Points) VALUES (48, 20, 18, 0);
INSERT INTO teamresults (id, Set1Points, Set2Points, Set3Points) VALUES (49, 20, 21, 0);
INSERT INTO teamresults (id, Set1Points, Set2Points, Set3Points) VALUES (50, 25, 25, 0);
INSERT INTO teamresults (id, Set1Points, Set2Points, Set3Points) VALUES (51, 0, 0, 0);
INSERT INTO teamresults (id, Set1Points, Set2Points, Set3Points) VALUES (52, 0, 0, 0);
INSERT INTO teamresults (id, Set1Points, Set2Points, Set3Points) VALUES (53, 0, 0, 0);
INSERT INTO teamresults (id, Set1Points, Set2Points, Set3Points) VALUES (54, 0, 0, 0);
INSERT INTO teamresults (id, Set1Points, Set2Points, Set3Points) VALUES (55, 25, 23, 15);
INSERT INTO teamresults (id, Set1Points, Set2Points, Set3Points) VALUES (56, 21, 25, 12);
INSERT INTO teamresults (id, Set1Points, Set2Points, Set3Points) VALUES (57, 25, 25, 0);
INSERT INTO teamresults (id, Set1Points, Set2Points, Set3Points) VALUES (58, 20, 20, 0);
INSERT INTO teamresults (id, Set1Points, Set2Points, Set3Points) VALUES (59, 20, 25, 11);
INSERT INTO teamresults (id, Set1Points, Set2Points, Set3Points) VALUES (60, 25, 21, 15);
INSERT INTO teamresults (id, Set1Points, Set2Points, Set3Points) VALUES (61, 20, 20, 0);
INSERT INTO teamresults (id, Set1Points, Set2Points, Set3Points) VALUES (62, 25, 25, 0);
INSERT INTO teamresults (id, Set1Points, Set2Points, Set3Points) VALUES (63, 20, 25, 15);
INSERT INTO teamresults (id, Set1Points, Set2Points, Set3Points) VALUES (64, 25, 20, 12);
INSERT INTO teamresults (id, Set1Points, Set2Points, Set3Points) VALUES (65, 20, 25, 0);
INSERT INTO teamresults (id, Set1Points, Set2Points, Set3Points) VALUES (66, 21, 20, 0);
INSERT INTO teamresults (id, Set1Points, Set2Points, Set3Points) VALUES (67, 25, 25, 0);
INSERT INTO teamresults (id, Set1Points, Set2Points, Set3Points) VALUES (68, 21, 22, 0);
INSERT INTO teamresults (id, Set1Points, Set2Points, Set3Points) VALUES (69, 25, 15, 15);
INSERT INTO teamresults (id, Set1Points, Set2Points, Set3Points) VALUES (70, 21, 25, 13);
INSERT INTO teamresults (id, Set1Points, Set2Points, Set3Points) VALUES (71, 25, 23, 0);
INSERT INTO teamresults (id, Set1Points, Set2Points, Set3Points) VALUES (72, 27, 25, 0);
INSERT INTO teamresults (id, Set1Points, Set2Points, Set3Points) VALUES (73, 21, 20, 0);
INSERT INTO teamresults (id, Set1Points, Set2Points, Set3Points) VALUES (74, 25, 25, 0);
INSERT INTO teamresults (id, Set1Points, Set2Points, Set3Points) VALUES (75, 20, 15, 0);
INSERT INTO teamresults (id, Set1Points, Set2Points, Set3Points) VALUES (76, 25, 25, 0);
INSERT INTO teamresults (id, Set1Points, Set2Points, Set3Points) VALUES (77, 25, 23, 15);
INSERT INTO teamresults (id, Set1Points, Set2Points, Set3Points) VALUES (78, 21, 25, 13);
INSERT INTO teamresults (id, Set1Points, Set2Points, Set3Points) VALUES (79, 21, 25, 15);
INSERT INTO teamresults (id, Set1Points, Set2Points, Set3Points) VALUES (80, 25, 21, 13);
INSERT INTO teamresults (id, Set1Points, Set2Points, Set3Points) VALUES (81, 20, 23, 0);
INSERT INTO teamresults (id, Set1Points, Set2Points, Set3Points) VALUES (82, 25, 25, 0);
INSERT INTO teamresults (id, Set1Points, Set2Points, Set3Points) VALUES (83, 25, 25, 0);
INSERT INTO teamresults (id, Set1Points, Set2Points, Set3Points) VALUES (84, 20, 21, 0);
INSERT INTO teamresults (id, Set1Points, Set2Points, Set3Points) VALUES (85, 20, 25, 20);
INSERT INTO teamresults (id, Set1Points, Set2Points, Set3Points) VALUES (86, 25, 15, 18);
INSERT INTO teamresults (id, Set1Points, Set2Points, Set3Points) VALUES (87, 20, 20, 0);
INSERT INTO teamresults (id, Set1Points, Set2Points, Set3Points) VALUES (88, 25, 25, 0);
INSERT INTO teamresults (id, Set1Points, Set2Points, Set3Points) VALUES (89, 20, 25, 15);
INSERT INTO teamresults (id, Set1Points, Set2Points, Set3Points) VALUES (90, 25, 23, 12);
INSERT INTO teamresults (id, Set1Points, Set2Points, Set3Points) VALUES (91, 25, 25, 0);
INSERT INTO teamresults (id, Set1Points, Set2Points, Set3Points) VALUES (92, 20, 23, 0);
INSERT INTO teamresults (id, Set1Points, Set2Points, Set3Points) VALUES (104, 0, 0, 0);
INSERT INTO teamresults (id, Set1Points, Set2Points, Set3Points) VALUES (105, 0, 0, 0);
INSERT INTO teamresults (id, Set1Points, Set2Points, Set3Points) VALUES (107, 0, 0, 0);
INSERT INTO teamresults (id, Set1Points, Set2Points, Set3Points) VALUES (108, 0, 0, 0);
INSERT INTO teamresults (id, Set1Points, Set2Points, Set3Points) VALUES (110, 0, 0, 0);
INSERT INTO teamresults (id, Set1Points, Set2Points, Set3Points) VALUES (111, 0, 0, 0);
INSERT INTO teamresults (id, Set1Points, Set2Points, Set3Points) VALUES (113, 0, 0, 0);
INSERT INTO teamresults (id, Set1Points, Set2Points, Set3Points) VALUES (114, 0, 0, 0);
INSERT INTO teamresults (id, Set1Points, Set2Points, Set3Points) VALUES (116, 0, 0, 0);
INSERT INTO teamresults (id, Set1Points, Set2Points, Set3Points) VALUES (117, 0, 0, 0);
INSERT INTO teamresults (id, Set1Points, Set2Points, Set3Points) VALUES (119, 0, 0, 0);
INSERT INTO teamresults (id, Set1Points, Set2Points, Set3Points) VALUES (120, 0, 0, 0);
INSERT INTO teamresults (id, Set1Points, Set2Points, Set3Points) VALUES (123, 25, 25, 0);
INSERT INTO teamresults (id, Set1Points, Set2Points, Set3Points) VALUES (124, 23, 22, 0);
INSERT INTO teamresults (id, Set1Points, Set2Points, Set3Points) VALUES (125, 25, 25, 0);
INSERT INTO teamresults (id, Set1Points, Set2Points, Set3Points) VALUES (126, 11, 15, 0);
INSERT INTO teamresults (id, Set1Points, Set2Points, Set3Points) VALUES (127, 8, 18, 0);
INSERT INTO teamresults (id, Set1Points, Set2Points, Set3Points) VALUES (128, 25, 25, 0);
INSERT INTO teamresults (id, Set1Points, Set2Points, Set3Points) VALUES (129, 25, 28, 0);
INSERT INTO teamresults (id, Set1Points, Set2Points, Set3Points) VALUES (130, 21, 26, 0);

INSERT INTO matchresults_teamresults (MatchResult_id, teamResults_id) VALUES (5, 89);
INSERT INTO matchresults_teamresults (MatchResult_id, teamResults_id) VALUES (5, 90);
INSERT INTO matchresults_teamresults (MatchResult_id, teamResults_id) VALUES (8, 83);
INSERT INTO matchresults_teamresults (MatchResult_id, teamResults_id) VALUES (8, 84);
INSERT INTO matchresults_teamresults (MatchResult_id, teamResults_id) VALUES (11, 87);
INSERT INTO matchresults_teamresults (MatchResult_id, teamResults_id) VALUES (11, 88);
INSERT INTO matchresults_teamresults (MatchResult_id, teamResults_id) VALUES (18, 91);
INSERT INTO matchresults_teamresults (MatchResult_id, teamResults_id) VALUES (18, 92);
INSERT INTO matchresults_teamresults (MatchResult_id, teamResults_id) VALUES (21, 22);
INSERT INTO matchresults_teamresults (MatchResult_id, teamResults_id) VALUES (21, 23);
INSERT INTO matchresults_teamresults (MatchResult_id, teamResults_id) VALUES (24, 25);
INSERT INTO matchresults_teamresults (MatchResult_id, teamResults_id) VALUES (24, 26);
INSERT INTO matchresults_teamresults (MatchResult_id, teamResults_id) VALUES (103, 123);
INSERT INTO matchresults_teamresults (MatchResult_id, teamResults_id) VALUES (103, 124);
INSERT INTO matchresults_teamresults (MatchResult_id, teamResults_id) VALUES (106, 125);
INSERT INTO matchresults_teamresults (MatchResult_id, teamResults_id) VALUES (106, 126);
INSERT INTO matchresults_teamresults (MatchResult_id, teamResults_id) VALUES (109, 110);
INSERT INTO matchresults_teamresults (MatchResult_id, teamResults_id) VALUES (109, 111);
INSERT INTO matchresults_teamresults (MatchResult_id, teamResults_id) VALUES (112, 129);
INSERT INTO matchresults_teamresults (MatchResult_id, teamResults_id) VALUES (112, 130);
INSERT INTO matchresults_teamresults (MatchResult_id, teamResults_id) VALUES (115, 116);
INSERT INTO matchresults_teamresults (MatchResult_id, teamResults_id) VALUES (115, 117);
INSERT INTO matchresults_teamresults (MatchResult_id, teamResults_id) VALUES (118, 127);
INSERT INTO matchresults_teamresults (MatchResult_id, teamResults_id) VALUES (118, 128);

INSERT INTO matchresults_teams (MatchResult_id, matchTeams_id) VALUES (5, 902);
INSERT INTO matchresults_teams (MatchResult_id, matchTeams_id) VALUES (5, 903);
INSERT INTO matchresults_teams (MatchResult_id, matchTeams_id) VALUES (8, 902);
INSERT INTO matchresults_teams (MatchResult_id, matchTeams_id) VALUES (8, 904);
INSERT INTO matchresults_teams (MatchResult_id, matchTeams_id) VALUES (11, 903);
INSERT INTO matchresults_teams (MatchResult_id, matchTeams_id) VALUES (11, 904);
INSERT INTO matchresults_teams (MatchResult_id, matchTeams_id) VALUES (18, 905);
INSERT INTO matchresults_teams (MatchResult_id, matchTeams_id) VALUES (18, 906);
INSERT INTO matchresults_teams (MatchResult_id, matchTeams_id) VALUES (21, 905);
INSERT INTO matchresults_teams (MatchResult_id, matchTeams_id) VALUES (21, 907);
INSERT INTO matchresults_teams (MatchResult_id, matchTeams_id) VALUES (24, 906);
INSERT INTO matchresults_teams (MatchResult_id, matchTeams_id) VALUES (24, 907);
INSERT INTO matchresults_teams (MatchResult_id, matchTeams_id) VALUES (103, 93);
INSERT INTO matchresults_teams (MatchResult_id, matchTeams_id) VALUES (103, 94);
INSERT INTO matchresults_teams (MatchResult_id, matchTeams_id) VALUES (106, 93);
INSERT INTO matchresults_teams (MatchResult_id, matchTeams_id) VALUES (106, 95);
INSERT INTO matchresults_teams (MatchResult_id, matchTeams_id) VALUES (109, 93);
INSERT INTO matchresults_teams (MatchResult_id, matchTeams_id) VALUES (109, 901);
INSERT INTO matchresults_teams (MatchResult_id, matchTeams_id) VALUES (112, 94);
INSERT INTO matchresults_teams (MatchResult_id, matchTeams_id) VALUES (112, 95);
INSERT INTO matchresults_teams (MatchResult_id, matchTeams_id) VALUES (115, 94);
INSERT INTO matchresults_teams (MatchResult_id, matchTeams_id) VALUES (115, 901);
INSERT INTO matchresults_teams (MatchResult_id, matchTeams_id) VALUES (118, 95);
INSERT INTO matchresults_teams (MatchResult_id, matchTeams_id) VALUES (118, 901);

